{
  "context-menu": {
    "atom-text-editor": [
      {
        "label": "crossdoc-atom Toggle",
        "command": "crossdoc-atom:toggle"
      },
      {
        "label": "crossdoc-atom reverseText",
        "command": "crossdoc-atom:reverseText"
      },
      {
        "label": "crossdoc-atom initCrossdoc",
        "command": "crossdoc-atom:initCrossdoc"
      },
      {
        "label": "crossdoc-atom createComment",
        "command": "crossdoc-atom:createComment"
      },
      {
        "label": "crossdoc-atom deleteComment",
        "command": "crossdoc-atom:deleteComment"
      },
      {
        "label": "crossdoc-atom updateComment",
        "command": "crossdoc-atom:updateComment"
      },
      {
        "label": "crossdoc-atom testingShell",
        "command": "crossdoc-atom:testingShell"
      }
    ]
  },
  "menu": [
    {
      "label": "Packages",
      "submenu": [
        {
          "label": "crossdoc-atom",
          "submenu": [
            {
              "label": "Toggle",
              "command": "crossdoc-atom:toggle"
            },
            {
              "label": "reverseText",
              "command": "crossdoc-atom:reverseText"
            },
            {
              "label": "crossdoc-atom initCrossdoc",
              "command": "crossdoc-atom:initCrossdoc"
            },
            {
              "label": "crossdoc-atom createComment",
              "command": "crossdoc-atom:createComment"
            },
            {
              "label": "crossdoc-atom deleteComment",
              "command": "crossdoc-atom:deleteComment"
            },
            {
              "label": "crossdoc-atom updateComment",
              "command": "crossdoc-atom:updateComment"
            },
            {
              "label": "crossdoc-atom testingShell",
              "command": "crossdoc-atom:testingShell"
            }
          ]
        }
      ]
    }
  ]
}
